Username,UserID
letiana,299015281853071360
rastamufasa,283019070578753536
desyov,247940619022893065
jackalmuerto,236572553110355970
enderten,206900071055228930
facinarose,194955560276197377
samikazuki,173547590694993920
madrid222,173539943426031616
doctor_temmie,145516833817100288
brooms,140595221300772864
seraphim,108744783031185408
leplep,106596968976957440
schwertaria,95869822574809088
honeydewmelons,84441917282062336
sirgabite,80826834912018432
theworldweavingcloud,59810251750252544
hildah1lda,685894970632437785
.winslo,319249087734087681
avi0003,264632217110708224
lyonartime,253624149824503808
suckerpunch8040,511664852817805312
apogee00,492701013380300800
orange_mason,368834427222097922
theelusivegin,124671590775390208
sussy_arata,155487148294799360
tired_umiko,359634119036239881
oneintwizard,357691695938142208
thesillow,158393867761221633
spyrella,163720750086356992
kyokun69,137725081412435968
jojomicswagens246,1209935249870684186
rayhammer,200273794969894912
3pokpokpok_ebalay,1207107744058974322
yankishi,1140748913352114336
hunmusxero,548944309509160992
speagle,250502333903929344
jrlol3megu,464911746088304650
kaylaissuper,278393443015852033
rothene,77280209107156992
bytewarrior,128870588415475712
rangermansam,157143953848795137
the429117,465582019150217226
.asage,223891807568658442
luluwy,329099065134678016
_l.e.o.n_,794107361178550294
blessingtheking,478915535225225216
username5291,328933596960129024
jokerlupus,225711292034318337
dankthomashobbes,348505629243211778
hejtan,468378587398144020
immortalkitten,317835461261393960
ghostpaws117,551101063110066196
cereas,227180448554418186
schifer27,187711177906847745
.birchie,158330156786647040
reggie7457,555561965951647754
troikaverse,285195908792975372
surtr2633,300321789635198987
cielchair,173078125129760768
sunshineinyou_temp,440609637235163137
nightmarepal,110119672866693120
vampiremommy,186812413574774784
magicalconman,230476027854323713
totallynotsequester,349090891471912961
file107,697405362227118130
deadrocketeer,195733175480221697
lantern.penultimate.page,1355246249363640444
alvast,324736207592620032
valeroyant,138467756168314881
seraphims_cherub,1151474436420153344
ectothermia,260198733420036098
siden_aka,240176083318734848
ace.exe,184452189765369857
blueogreofdressrosahakumen,414394731754422277
girlfailure8008569,1285057865878343733
justice3237,964054169025667073
saruno,140811574737764352
less96,141571274408329216
.soaringraven,1003627708930084905
blckcrow,230363947406983191
mrlgfd,210703261227941888
jvdragoon,168954904386207744
aquamizonake,247922396055601153
flaahn,165217844039122944
shaderunner,235983705011650561
emilvangrim,617280338632114187
birdogoofy,452728022903291934
shynight,322198528975962112
windowsstartupnoise_,1090291009281347647
fluffbet,214869658463895553
dragoona22,804203754769350687
panquequequeque,1191959791954825359
jinja0524,843855235633119233
taylro,210091375578972161
scottygaming,227144628866908161
raxarisacoolgamemaster.,298485047919378432
mooshen,143928862194139146
phyto,77133030732345344
bradleyalabaster,415330671574122499
mayaaaluna,115803941949800450
deadlylizard,928605118415392768
agentdj,319372431221587968
gaypril,475362216749694986
alefuzeti,454773279807504395
moon_eye1407,468260052952809472
laikastrider,1013541715178700881
themattroid,193553881249087488
svalnirsvalnirsson,438759023026896907
hexxes,624047030724984832
angrykitsu,169795599758131200
victorreoli,351694099302055940
bloodboyce,180331580840083467
laughingfool,127595316659617802
leapyear,279784392858009601
saltmammoth,560244151258578964
mrteeto,181728942615429122
merrowbone,657691781818875952
metaltempura,250601670449299457
i__sleep,238155028957757441
lillie2071,265348710345605122
sawzie,66337541518790656
the_1spark,777209819865284620
lyskaria,765327671449747478
rainbowinthedark,336729037294534678
biggestgal,216031884113608704
firstlight.,497046766546452500
masaruhara,231934450278203392
taigar_98783,1248628718726025217
redmice,973352123070812200
baps3005,219632418892677120
plainvalley,354886331907702785
biffmcmanly,243746887780270081
malekou,429100758580068352
magiciansarcana,240606774984441866
emgry,186680561501339651
aproxyofsorts,86643540838326272
caelum_blue,886623433306288158
mayday0333,504325753408585729
ipnoranalabeffarda,297826320010969090
commander_joink,344948894855069697
topsick,210992769890648064
songsiren,493131850194354186
madamebutterflyknife,358730095130705920
cheeru.art,431574890408312862
gorthronoth,775689695476318208
lenpendragon,95487748466544640
sdhshadow,297021352773287946
todacat,213884569215172608
.fama,235530932000391169
bard.in.a.box,292393576707653632
maxamine,321821963058282496
mafiawhale,157369300271890432
localtpanda,702653196312772699
battlebornkayle,131102365662052353
heyitskira0319,305006322712182784
mike_miguel_michael,178284834978791425
raven5650,848111773567549482
shincure,983630694758625292
ross_arlen,196847911710097412
jelloo707,467807715021029376
pidgeon,153330975575769088
.useless.exe,490171438137868298
xozdelightfulcheetahs30hh,1207080498493399122
.macrow,444194335492276225
plainlybergo,206827541825191936
banzedrine,689278962651758616
renji4,882056389227348050
meimorie,225088786323865601
silaes,495581320588820481
bright_piglet_93822,1354617865525006453
purevargos,190029708518359040
screamingbonfire,260173011942899712
agentaltj,1219223825766420492
darkshad,95680842642231296
the_one_and_only_wilde,440280274996297728
mocksolidgear,1205023316088197200
vv5405,934523537094496397
asana44,1154052991633084577
doobledeedooble,223253130417012736
koronekiris,714302449384685590
uanne_irl,477241326484848650
nikolaim.,419689143443128321
_kida,189888775722106880
dessyangel,1007332795141599252
tybaltcapulet_,414136536821530624
proffessorslime,1246161526348320848
negativevisions,214122820538466306
_.squibbles._,190987976224931840
solaceinfire,151914442035036160
mysticmaeve13,805112072295022592
starfir54,491765200727310337
neas_,269937096884617226
rp670,716750802714230844
grim_01,477348988937306113
_maca_,156049565018095616
lanakafi,470174089827450880
msmarine1,1260674292819951728
kinko7,259065483079319552
discodoag,245749392982671360
duotic.,777583001143083009
meiqyu._.,141687335241646081
sydneyy.uwu,1211631263492997120
zealot3019,831393600553484308
helenabruh,611035356711878676
laamjaam,322503455128420353
two_gun_bob,350673550484701194
enoo_n,244553532689219585
baronvark,231787920309223424
driventoburn,173648039725105152
ronuu,407527025956356107
j_mina_0,1349412632775626772
fairyduni,157965318197608448
megameerkat,182130393242271744
eggmus,168266873769558016
kayl,239174959895805954
julie_shimmershade,353985904760586242
yanchanh,119340268167233536
salamahder2,819351932924723221
hawevin.460.rpg.uwu,933923059956604928
vittinhodosus,178906027914297344
aya_kai,283330371897262080
warmquillt,386380968195391489
dreadlux.,805232526092140594
nut_wizard,594008151779573762
ascaredchild,450151536958373888
.boule,214005186421719041
seeshibo,465290918195363850
opedak,723329822675435616
alexkidd6345,690678447642509354
nishik1goi,757629299749683201
insert.name.,215982608398548993
seku2415,117012435268927492
lazlo_n_gamez,615299975001407530
incognegro,118899054179516417
yuen_me,1185902825612517408
ar15_girl,239606660572643328
bancho_bancho,321568886325510144
phosphophyllite0,237438769840652291
duskydreams,267595093681111060
ricardoaroxa2369,692470115282845716
elgatovolador3689,1029246549517160540
aluxes.exl,147738714179764225
siked,98884804556128256
lacheesura,675388971358093313
mabledino_05161,1154879443765039125
raybrand,269545785358680065
mantra2891,251038164611760129
yankodiac,107213579811303424
framerate.,472021208565809163
das_boom,80764952763183104
evenwood,331591853000491009
clashtheperson,449191740855812097
kingoflizards,273161656014602240
mixedupguy,177644371695501312
yourmoveboosh,131196134617120769
freelancer_incorporated,695572285427286087
divinechai,1049888754711662714
maxxinejean,135262899844284416
toothmonster,79012896020893696
bro_g,403085354191552514
foxfacesuicide,181593003008327680
.badgoblin,157316606358323200
hug._bug.,790725534999904287
madamezuri,457645105122115615
raken45,792157699793223690
dragonlord380,423209760683458562
solcarona,226351330950643713
zeroip,185529638288752640
seco_,260649158384287744
tudum5,378267807252611077
mikep.c.,608103981826179092
smacks7417,846064067910172677
lefender,121347692529057794
6vanya33,1254574878607020047
fatummmm,287294554896334849
fobin_sun,166801716182777856
9914emilkiru35044,1254949899905011723
pridefulone,191105005783220224
northeastonwest,234467135726944257
mutemissy,906579876792918036
arvad.,689554040128012292
muki97,689037992819556433
crow_v2,190954851113500673
_frad,211516874800758785
squidlover23,596115626053861396
6thcents,588914358067658753
seizui,82190807011962880
mooff0684,923385281749598289
frank_voight.kampff,447869514881695753
hyper_117,471130551202480129
elfbornemarz,1143407989382991962
doodlieshee,140915979277434880
iirez,408611714259746837
nucleostar,245312619219517440
.galebolg.,234838935442948098
rago03,355425282343174154
theaeronaut,310855502668103682
kithvalles,306223332653793283
jonathanmoore_05138,1359942034001105208
.sleepyaf,843996009579151400
glubnyan,614999198919819284
hellbunny5789,92383761336930304
stickybarb,222732936909160449
yagaherhm,711522833561288785
matt8781,116606311747158016
sheofthehunt,1220444274819334245
hoonsan,638771036690579457
afteroo,100527030013038592
taylorwilbourn,706955611929313310
ruralbread,789310091513823282
actualhermit,349727900368633856
fmjrocknroll,97889023812464640
taigar_not_liar,980185951680741426
leroiosseux,1248001873516953687
arktheshadow,493610757024382976
oleamollevampie,789352847505489981
thelastflame,702357178769604658
rogue_steve,210563637889204224
celesteias,302614625218985984
iadosjaxx,199182897754800130
sunny.something,181195525914230784
yoshimage,180873257480617984
lifeofdora,355452861188145154
garhallertie,1075184515347140781
sagasilver,155129581563674626
violetknightsky,1217146164361822298
sunnyboyye6241,757784539774058578
edynthefantastic,1221372827706589276
whyhushabye,1208159389626798111
vievinvalor,169054863978790913
.sparkles,241022757637324801
mondayyy,318588979433963530
rexofired,219588277752168448
solotic.,384371410576998401
maojo_de_oyasumi,1022905230695866469
maniac848,363442620598583326
dragoneldester,409390729627041792
kialaa,98964314588729344
samikazuki2_80517,1228473589540458587
lawrence4932,201954861225345025
saltedplum,209097922254602241
stantro,110064403222626304
themostchill,201454301489397761
coletchvt,407585586640191490
lethalyarn,300863020261834752
watcherac,259855105564606464
katen_m,404317967585640451
fluffy_cake21,1317255763844141061
ismeguca,265293557118664717
plegian.scum,237252748972654593
2naf1sh,365605862615810049
thealphabat,301867586184806400
itsyaboicrow,260515158181281792
r10,132288834560983040
pixypip,330959600146841600
.sirscrub,325821875336773632
galen876,413926319886303233
devaspark,176925221264162816
simojeij,257915790626521088
mercurialcomet,227988328119533568
hellion,130929373258711040
andromedacluster,360048380229189633
xavieremix,181294303622987776
enjixwolf,153478404002283520
gnivxom,1240850297195335759
aerohorseman,833538533851136060
missingpath,181544205796114433
skeletorsally,342154554751582210
demented.mind,237139308736151552
sorobemir,1300759362490470483
tatsuya_ps,200398641800675328
cooliedeo,1334763978383167642
chouniro,117746946139095040
cleverlamp,776929435038908497
defnotpaul8367,846918723226828820
silverfoxy,517441901670957069
neutralyu,282061242179256320
hirohurameshi,280403101750525962
alkalajy,919433451420131328
geagan,480875564375343106
ghostdog97,337598263144349696
mendes3437,576875018802429983
ryujulz,176537171686195201
sleepy_bernkastel,308792711274692610
lithentity,257194983948419083
whovencroft,188337124263591936
9ebdev9tovc6zjv,1162754791735308408
xenoneutronstar0,259782233617989643
mihai086048,1344462106254381172
_mr.rat,305345824739688469
valkfunnie,1126860163278704640
ljmonsterhunter,809086723904241665
trowbabyrase,1272699095567564992
heartlessphantom,208810749554851842
critical_happens,1369865306465632361
allforfire,246630083966664704
s4msepi0l,136551857802706944
naterinobandino,180513551306326016
marie_jay1999,651980111142322217
universal5710,310258003817267202
nekoyansama,603966429334863893
bacchus5120,419667350351118344
skywaave,260856616017068032
ahab9,1097895332781760585
viperalister,230978767961587712
viper6326,130109870669037568
latiosprime,330033669114953729
kishichan,1002798890438897726
tomion,103173739813830656
sage.html,222433476715085824
breeze5768,265671848019230723
bomberman1988,500304691444449280
inbirin,690524800245825546
lastplace__,820406557509419039
serrayes,118208230991069193
aznrcmp,223265921727201280
vegarda,124628080990879747
explodingfish,213340487724040192
afterthoughtc,371810405284053002
fastcartcorp,192838252921749504
norxalia,283053267779452948
soul_vania,1134234187289866270
ironheidcross,329400477215358987